{
  "config": {
    "num_epochs": 10,
    "learning_rate": 0.001,
    "optimizer": "Adam",
    "batch_size": 32
  },
  "results": {
    "simple_cnn": {
      "num_parameters": 26084104,
      "best_val_acc": 75.625,
      "final_val_acc": 75.15625,
      "final_train_acc": 58.828125,
      "total_time": 78.32478189468384,
      "avg_epoch_time": 7.832378196716308
    },
    "resnet18": {
      "num_parameters": 11180616,
      "best_val_acc": 84.6875,
      "final_val_acc": 76.40625,
      "final_train_acc": 87.8125,
      "total_time": 80.50336503982544,
      "avg_epoch_time": 8.050336503982544
    },
    "efficientnet": {
      "num_parameters": 545000,
      "best_val_acc": 96.25,
      "final_val_acc": 91.5625,
      "final_train_acc": 93.0859375,
      "total_time": 106.00852751731873,
      "avg_epoch_time": 10.600852751731873
    }
  }
}