Model,Parameters,Best Val Acc (%),Final Val Acc (%),F1 Score,Training Time (s),Avg Epoch Time (s),Epochs Trained
SimpleCNN,26084104,75.625,75.15625,0.7486875,78.32478189468384,7.832378196716308,10
ResNet18,11180616,84.6875,76.40625,0.83840625,80.50336503982544,8.050336503982544,10
EfficientNet,545000,96.25,91.5625,0.952875,106.00852751731873,10.600852751731873,10
DeepEfficientNet (Final),1840228,99.375,99.0625,0.9838125,479.8967282772064,9.59793456554413,50
