Model,Parameters,Best Val Acc (%),F1 Score,Training Time (s),Epochs
SimpleCNN,26084104,75.625,0.7486875,78.32478189468384,10
ResNet18,11180616,84.6875,0.83840625,80.50336503982544,10
EfficientNetLite,545000,96.25,0.952875,106.00852751731873,10
DeepEfficientNet (Final),1840228,99.375,0.9838125,479.8967282772064,50
