{
  "mean": [
    0.8732741475105286,
    0.7486302852630615,
    0.7217020988464355
  ],
  "std": [
    0.15966011583805084,
    0.18502871692180634,
    0.07990603148937225
  ]
}